pdb_name,processed_path,raw_path,num_chains,quaternary_category,seq_len,modeled_seq_len,coil_percent,helix_percent,strand_percent,radius_gyration
d1hp1a2,preprocessed/d1hp1a2.pkl,/data/rsg/chemistry/jyim/large_data/scope/d1hp1a2.pdb,1,homomer,328,328,0.45121951219512196,0.2682926829268293,0.2804878048780488,1.9195774410000415
d1w25a2,preprocessed/d1w25a2.pkl,/data/rsg/chemistry/jyim/large_data/scope/d1w25a2.pdb,1,homomer,153,153,0.43137254901960786,0.4117647058823529,0.1568627450980392,1.64664663551551
d2ckxa1,preprocessed/d2ckxa1.pkl,/data/rsg/chemistry/jyim/large_data/scope/d2ckxa1.pdb,1,homomer,83,83,0.3132530120481928,0.6867469879518072,0.0,1.2216951003825536
d1trba2,preprocessed/d1trba2.pkl,/data/rsg/chemistry/jyim/large_data/scope/d1trba2.pdb,1,homomer,126,126,0.4126984126984127,0.2777777777777778,0.30952380952380953,1.389139288945649
d6r2na1,preprocessed/d6r2na1.pkl,/data/rsg/chemistry/jyim/large_data/scope/d6r2na1.pdb,1,homomer,218,218,0.40825688073394495,0.3532110091743119,0.23853211009174313,2.261842192516955
d1ayoa_,preprocessed/d1ayoa_.pkl,/data/rsg/chemistry/jyim/large_data/scope/d1ayoa_.pdb,1,homomer,130,130,0.43846153846153846,0.06923076923076923,0.49230769230769234,1.502156729022098
d2piaa3,preprocessed/d2piaa3.pkl,/data/rsg/chemistry/jyim/large_data/scope/d2piaa3.pdb,1,homomer,98,98,0.6632653061224489,0.07142857142857142,0.2653061224489796,1.256919733076287
d1g4wr2,preprocessed/d1g4wr2.pkl,/data/rsg/chemistry/jyim/large_data/scope/d1g4wr2.pdb,1,homomer,243,243,0.4691358024691358,0.3004115226337449,0.23045267489711935,1.6856874052991375
d1g66a_,preprocessed/d1g66a_.pkl,/data/rsg/chemistry/jyim/large_data/scope/d1g66a_.pdb,1,homomer,207,207,0.4396135265700483,0.3961352657004831,0.1642512077294686,1.5098776602235786
d4ypoa1,preprocessed/d4ypoa1.pkl,/data/rsg/chemistry/jyim/large_data/scope/d4ypoa1.pdb,1,homomer,180,180,0.3611111111111111,0.4222222222222222,0.21666666666666667,1.499360798700826
d1y3ta1,preprocessed/d1y3ta1.pkl,/data/rsg/chemistry/jyim/large_data/scope/d1y3ta1.pdb,1,homomer,330,330,0.5121212121212121,0.08484848484848485,0.403030303030303,1.9377105485600423
d4g26a1,preprocessed/d4g26a1.pkl,/data/rsg/chemistry/jyim/large_data/scope/d4g26a1.pdb,1,homomer,205,205,0.28292682926829266,0.7170731707317073,0.0,2.0440998946628883
d2bz2a1,preprocessed/d2bz2a1.pkl,/data/rsg/chemistry/jyim/large_data/scope/d2bz2a1.pdb,1,homomer,79,79,9.050632911392405,4.810126582278481,6.139240506329114,1.261660010597125
d5u1ma_,preprocessed/d5u1ma_.pkl,/data/rsg/chemistry/jyim/large_data/scope/d5u1ma_.pdb,1,homomer,105,105,0.29523809523809524,0.2571428571428571,0.44761904761904764,1.3563326978794552
d1a8qa_,preprocessed/d1a8qa_.pkl,/data/rsg/chemistry/jyim/large_data/scope/d1a8qa_.pdb,1,homomer,274,274,0.40875912408759124,0.4233576642335766,0.1678832116788321,1.7191668276159078
d4rkfa_,preprocessed/d4rkfa_.pkl,/data/rsg/chemistry/jyim/large_data/scope/d4rkfa_.pdb,1,homomer,171,171,0.3391812865497076,0.3742690058479532,0.28654970760233917,1.5480793696959758
d1u7pa_,preprocessed/d1u7pa_.pkl,/data/rsg/chemistry/jyim/large_data/scope/d1u7pa_.pdb,1,homomer,164,164,0.43902439024390244,0.36585365853658536,0.1951219512195122,1.5593295331944517
d2hgca1,preprocessed/d2hgca1.pkl,/data/rsg/chemistry/jyim/large_data/scope/d2hgca1.pdb,1,homomer,78,78,7.987179487179487,10.038461538461538,1.9743589743589745,1.1760636478687996
d1h2ba2,preprocessed/d1h2ba2.pkl,/data/rsg/chemistry/jyim/large_data/scope/d1h2ba2.pdb,1,homomer,172,172,0.3313953488372093,0.47093023255813954,0.19767441860465115,1.6136862583256022
d1yi8a_,preprocessed/d1yi8a_.pkl,/data/rsg/chemistry/jyim/large_data/scope/d1yi8a_.pdb,1,homomer,331,331,0.36253776435045315,0.5589123867069486,0.07854984894259819,2.210108818769959
d2rmra_,preprocessed/d2rmra_.pkl,/data/rsg/chemistry/jyim/large_data/scope/d2rmra_.pdb,1,homomer,71,71,7.366197183098592,12.605633802816902,0.028169014084507043,1.2387920827684913
d2c71a1,preprocessed/d2c71a1.pkl,/data/rsg/chemistry/jyim/large_data/scope/d2c71a1.pdb,1,homomer,204,204,0.4068627450980392,0.4411764705882353,0.15196078431372548,1.5946254997051716
d2g7oa1,preprocessed/d2g7oa1.pkl,/data/rsg/chemistry/jyim/large_data/scope/d2g7oa1.pdb,1,homomer,68,68,0.23529411764705882,0.7647058823529411,0.0,1.728112572693907
d1sf9a1,preprocessed/d1sf9a1.pkl,/data/rsg/chemistry/jyim/large_data/scope/d1sf9a1.pdb,1,homomer,104,104,0.2403846153846154,0.47115384615384615,0.28846153846153844,1.5061320754013277
d1xxxa1,preprocessed/d1xxxa1.pkl,/data/rsg/chemistry/jyim/large_data/scope/d1xxxa1.pdb,1,homomer,296,296,0.35135135135135137,0.5168918918918919,0.13175675675675674,1.7876910544415485
d2wdsa_,preprocessed/d2wdsa_.pkl,/data/rsg/chemistry/jyim/large_data/scope/d2wdsa_.pdb,1,homomer,123,123,0.2764227642276423,0.3983739837398374,0.3252032520325203,1.3938905231449663
d1s05a_,preprocessed/d1s05a_.pkl,/data/rsg/chemistry/jyim/large_data/scope/d1s05a_.pdb,1,homomer,129,129,0.3875968992248062,0.6124031007751938,0.0,1.5546159433447937
d3dhxa1,preprocessed/d3dhxa1.pkl,/data/rsg/chemistry/jyim/large_data/scope/d3dhxa1.pdb,1,homomer,97,97,0.29896907216494845,0.27835051546391754,0.422680412371134,1.3586794786149157
d2q3za3,preprocessed/d2q3za3.pkl,/data/rsg/chemistry/jyim/large_data/scope/d2q3za3.pdb,1,homomer,98,98,0.5,0.0,0.5,1.4350726413565131
d4efia1,preprocessed/d4efia1.pkl,/data/rsg/chemistry/jyim/large_data/scope/d4efia1.pdb,1,homomer,184,184,0.42391304347826086,0.34782608695652173,0.22826086956521738,1.8408082657111
d1v63a1,preprocessed/d1v63a1.pkl,/data/rsg/chemistry/jyim/large_data/scope/d1v63a1.pdb,1,homomer,88,88,5.75,14.25,0.0,1.7606745840035622
d2yz1a_,preprocessed/d2yz1a_.pkl,/data/rsg/chemistry/jyim/large_data/scope/d2yz1a_.pdb,1,homomer,114,114,0.5789473684210527,0.02631578947368421,0.39473684210526316,1.4745950087608743
d3kpba_,preprocessed/d3kpba_.pkl,/data/rsg/chemistry/jyim/large_data/scope/d3kpba_.pdb,1,homomer,119,119,0.35294117647058826,0.3865546218487395,0.2605042016806723,1.446908558893646
d5mola3,preprocessed/d5mola3.pkl,/data/rsg/chemistry/jyim/large_data/scope/d5mola3.pdb,1,homomer,106,106,0.4056603773584906,0.08490566037735849,0.5094339622641509,1.4576889064908833
d4cy9a1,preprocessed/d4cy9a1.pkl,/data/rsg/chemistry/jyim/large_data/scope/d4cy9a1.pdb,1,homomer,167,167,0.25149700598802394,0.7125748502994012,0.03592814371257485,1.7027745381571504
d3vlva_,preprocessed/d3vlva_.pkl,/data/rsg/chemistry/jyim/large_data/scope/d3vlva_.pdb,1,homomer,490,490,0.39591836734693875,0.4530612244897959,0.1510204081632653,2.3207811546549766
d1zyla1,preprocessed/d1zyla1.pkl,/data/rsg/chemistry/jyim/large_data/scope/d1zyla1.pdb,1,homomer,325,325,0.4246153846153846,0.4523076923076923,0.12307692307692308,2.1063878096340938
d3v4na2,preprocessed/d3v4na2.pkl,/data/rsg/chemistry/jyim/large_data/scope/d3v4na2.pdb,1,homomer,216,216,0.38425925925925924,0.4166666666666667,0.19907407407407407,2.024736348866675
d2q35a1,preprocessed/d2q35a1.pkl,/data/rsg/chemistry/jyim/large_data/scope/d2q35a1.pdb,1,homomer,241,241,0.3070539419087137,0.5103734439834025,0.1825726141078838,1.7684294718810996
d3v5wa1,preprocessed/d3v5wa1.pkl,/data/rsg/chemistry/jyim/large_data/scope/d3v5wa1.pdb,1,homomer,156,156,0.2948717948717949,0.7051282051282052,0.0,1.834929030694961
d2p3ha1,preprocessed/d2p3ha1.pkl,/data/rsg/chemistry/jyim/large_data/scope/d2p3ha1.pdb,1,homomer,98,98,0.41836734693877553,0.21428571428571427,0.3673469387755102,1.3908547052935372
d1dm9a_,preprocessed/d1dm9a_.pkl,/data/rsg/chemistry/jyim/large_data/scope/d1dm9a_.pdb,1,homomer,104,104,0.38461538461538464,0.3942307692307692,0.22115384615384615,1.4252074929877632
d1tf7a2,preprocessed/d1tf7a2.pkl,/data/rsg/chemistry/jyim/large_data/scope/d1tf7a2.pdb,1,homomer,242,242,0.43388429752066116,0.29338842975206614,0.2727272727272727,1.7652400905914234
d2nn6g3,preprocessed/d2nn6g3.pkl,/data/rsg/chemistry/jyim/large_data/scope/d2nn6g3.pdb,1,homomer,80,80,0.4375,0.4375,0.125,1.1893069699636087
d2p5ma_,preprocessed/d2p5ma_.pkl,/data/rsg/chemistry/jyim/large_data/scope/d2p5ma_.pdb,1,homomer,82,82,0.32926829268292684,0.4024390243902439,0.2682926829268293,1.190575126037011
d7cfza_,preprocessed/d7cfza_.pkl,/data/rsg/chemistry/jyim/large_data/scope/d7cfza_.pdb,1,homomer,60,60,0.4666666666666667,0.05,0.48333333333333334,1.0264424109278754
d5ie8a_,preprocessed/d5ie8a_.pkl,/data/rsg/chemistry/jyim/large_data/scope/d5ie8a_.pdb,1,homomer,89,89,0.6741573033707865,0.47191011235955055,0.8539325842696629,1.3166568677426702
d3so8a_,preprocessed/d3so8a_.pkl,/data/rsg/chemistry/jyim/large_data/scope/d3so8a_.pdb,1,homomer,162,162,0.46296296296296297,0.5370370370370371,0.0,1.7042818728826432
d1ki1b1,preprocessed/d1ki1b1.pkl,/data/rsg/chemistry/jyim/large_data/scope/d1ki1b1.pdb,1,homomer,210,210,0.18571428571428572,0.8142857142857143,0.0,2.001760526998297
d1wr8a_,preprocessed/d1wr8a_.pkl,/data/rsg/chemistry/jyim/large_data/scope/d1wr8a_.pdb,1,homomer,230,230,0.39565217391304347,0.40869565217391307,0.1956521739130435,1.7938207099265961
d1ei5a2,preprocessed/d1ei5a2.pkl,/data/rsg/chemistry/jyim/large_data/scope/d1ei5a2.pdb,1,homomer,103,103,0.4174757281553398,0.0,0.5825242718446602,1.3122153462467594
d1tbfa_,preprocessed/d1tbfa_.pkl,/data/rsg/chemistry/jyim/large_data/scope/d1tbfa_.pdb,1,homomer,326,326,0.27607361963190186,0.7239263803680982,0.0,1.9694289551964321
d6w2ga_,preprocessed/d6w2ga_.pkl,/data/rsg/chemistry/jyim/large_data/scope/d6w2ga_.pdb,1,homomer,49,49,0.3469387755102041,0.6530612244897959,0.0,1.0136345156169408
d5yhob_,preprocessed/d5yhob_.pkl,/data/rsg/chemistry/jyim/large_data/scope/d5yhob_.pdb,1,homomer,235,235,0.4085106382978723,0.1574468085106383,0.4340425531914894,1.69413585579628
d1xt8a1,preprocessed/d1xt8a1.pkl,/data/rsg/chemistry/jyim/large_data/scope/d1xt8a1.pdb,1,homomer,248,248,0.34274193548387094,0.3911290322580645,0.2661290322580645,1.8249009495258102
d1seta1,preprocessed/d1seta1.pkl,/data/rsg/chemistry/jyim/large_data/scope/d1seta1.pdb,1,homomer,110,110,0.21818181818181817,0.7818181818181819,0.0,2.0909249187855976
d3e5ua2,preprocessed/d3e5ua2.pkl,/data/rsg/chemistry/jyim/large_data/scope/d3e5ua2.pdb,1,homomer,139,139,0.37410071942446044,0.30935251798561153,0.31654676258992803,1.5241899080729409
d2ckra_,preprocessed/d2ckra_.pkl,/data/rsg/chemistry/jyim/large_data/scope/d2ckra_.pdb,1,homomer,305,305,0.38688524590163936,0.43934426229508194,0.1737704918032787,1.7614627070564772
d1ep3a_,preprocessed/d1ep3a_.pkl,/data/rsg/chemistry/jyim/large_data/scope/d1ep3a_.pdb,1,homomer,311,311,0.4180064308681672,0.36977491961414793,0.21221864951768488,1.8791548779071998
d3j9ta4,preprocessed/d3j9ta4.pkl,/data/rsg/chemistry/jyim/large_data/scope/d3j9ta4.pdb,1,homomer,153,153,0.27450980392156865,0.7254901960784313,0.0,1.630448063426134
d2cbza1,preprocessed/d2cbza1.pkl,/data/rsg/chemistry/jyim/large_data/scope/d2cbza1.pdb,1,homomer,230,230,0.4043478260869565,0.32608695652173914,0.26956521739130435,1.822925743943781
d4a5sa1,preprocessed/d4a5sa1.pkl,/data/rsg/chemistry/jyim/large_data/scope/d4a5sa1.pdb,1,homomer,469,469,0.48187633262260127,0.06183368869936034,0.4562899786780384,2.4318797213816508
d1h6va3,preprocessed/d1h6va3.pkl,/data/rsg/chemistry/jyim/large_data/scope/d1h6va3.pdb,1,homomer,133,133,0.39097744360902253,0.3533834586466165,0.2556390977443609,1.465998538969527
d3ozya1,preprocessed/d3ozya1.pkl,/data/rsg/chemistry/jyim/large_data/scope/d3ozya1.pdb,1,homomer,129,129,0.29457364341085274,0.4728682170542636,0.23255813953488372,1.6305942022459436
d3edea1,preprocessed/d3edea1.pkl,/data/rsg/chemistry/jyim/large_data/scope/d3edea1.pdb,1,homomer,93,93,0.4731182795698925,0.03225806451612903,0.4946236559139785,1.355757480213001
d2m80a_,preprocessed/d2m80a_.pkl,/data/rsg/chemistry/jyim/large_data/scope/d2m80a_.pdb,1,homomer,109,109,6.972477064220183,10.110091743119266,2.9174311926605503,1.4531584339788979
d1qfja2,preprocessed/d1qfja2.pkl,/data/rsg/chemistry/jyim/large_data/scope/d1qfja2.pdb,1,homomer,135,135,0.37037037037037035,0.4148148148148148,0.21481481481481482,1.4378252506558902
d2i7ca_,preprocessed/d2i7ca_.pkl,/data/rsg/chemistry/jyim/large_data/scope/d2i7ca_.pdb,1,homomer,281,281,0.39501779359430605,0.30604982206405695,0.298932384341637,1.8027644853556037
d1st6a5,preprocessed/d1st6a5.pkl,/data/rsg/chemistry/jyim/large_data/scope/d1st6a5.pdb,1,homomer,158,158,0.25316455696202533,0.7468354430379747,0.0,2.291730129856534
d1squa_,preprocessed/d1squa_.pkl,/data/rsg/chemistry/jyim/large_data/scope/d1squa_.pdb,1,homomer,152,152,0.375,0.3355263157894737,0.2894736842105263,1.4847611559701326
d1qava_,preprocessed/d1qava_.pkl,/data/rsg/chemistry/jyim/large_data/scope/d1qava_.pdb,1,homomer,90,90,0.4222222222222222,0.17777777777777778,0.4,1.2251561430237414
d7bzkb_,preprocessed/d7bzkb_.pkl,/data/rsg/chemistry/jyim/large_data/scope/d7bzkb_.pdb,1,homomer,102,102,0.3235294117647059,0.43137254901960786,0.24509803921568626,1.2941801301050937
d6sv1a1,preprocessed/d6sv1a1.pkl,/data/rsg/chemistry/jyim/large_data/scope/d6sv1a1.pdb,1,homomer,89,89,0.21348314606741572,0.7865168539325843,0.0,1.704252951071057
d1ro2a_,preprocessed/d1ro2a_.pkl,/data/rsg/chemistry/jyim/large_data/scope/d1ro2a_.pdb,1,homomer,210,210,0.4142857142857143,0.3619047619047619,0.22380952380952382,1.7348776703627322
d4lnpa_,preprocessed/d4lnpa_.pkl,/data/rsg/chemistry/jyim/large_data/scope/d4lnpa_.pdb,1,homomer,61,61,0.45901639344262296,0.04918032786885246,0.4918032786885246,1.119541987797054
d2fgoa_,preprocessed/d2fgoa_.pkl,/data/rsg/chemistry/jyim/large_data/scope/d2fgoa_.pdb,1,homomer,81,81,0.654320987654321,0.24691358024691357,0.09876543209876543,1.236688709937533
d1wi4a1,preprocessed/d1wi4a1.pkl,/data/rsg/chemistry/jyim/large_data/scope/d1wi4a1.pdb,1,homomer,96,96,11.489583333333334,3.0729166666666665,5.4375,1.2838612082560874
d5uwci_,preprocessed/d5uwci_.pkl,/data/rsg/chemistry/jyim/large_data/scope/d5uwci_.pdb,1,homomer,112,112,0.4107142857142857,0.5892857142857143,0.0,1.3498128338129551
d1sxjd1,preprocessed/d1sxjd1.pkl,/data/rsg/chemistry/jyim/large_data/scope/d1sxjd1.pdb,1,homomer,91,91,0.26373626373626374,0.7362637362637363,0.0,1.257046163437506
d2bz6h_,preprocessed/d2bz6h_.pkl,/data/rsg/chemistry/jyim/large_data/scope/d2bz6h_.pdb,1,homomer,254,254,0.484251968503937,0.14960629921259844,0.3661417322834646,1.7229867699747166
d5le5h_,preprocessed/d5le5h_.pkl,/data/rsg/chemistry/jyim/large_data/scope/d5le5h_.pdb,1,homomer,220,220,0.37727272727272726,0.3,0.32272727272727275,2.1093302221576273
d5hwaa_,preprocessed/d5hwaa_.pkl,/data/rsg/chemistry/jyim/large_data/scope/d5hwaa_.pdb,1,homomer,259,259,0.3861003861003861,0.5521235521235521,0.06177606177606178,1.7680650823300206
d4a8ta2,preprocessed/d4a8ta2.pkl,/data/rsg/chemistry/jyim/large_data/scope/d4a8ta2.pdb,1,homomer,169,169,0.378698224852071,0.46153846153846156,0.15976331360946747,1.6948811794067447
d1wf9a1,preprocessed/d1wf9a1.pkl,/data/rsg/chemistry/jyim/large_data/scope/d1wf9a1.pdb,1,homomer,94,94,11.308510638297872,4.776595744680851,3.9148936170212765,1.2428439173008778
d3e1za_,preprocessed/d3e1za_.pkl,/data/rsg/chemistry/jyim/large_data/scope/d3e1za_.pdb,1,homomer,109,109,0.43119266055045874,0.05504587155963303,0.5137614678899083,1.3993059203732787
d2a07f1,preprocessed/d2a07f1.pkl,/data/rsg/chemistry/jyim/large_data/scope/d2a07f1.pdb,1,homomer,82,82,0.35365853658536583,0.573170731707317,0.07317073170731707,1.6781123318549982
d2bs2b2,preprocessed/d2bs2b2.pkl,/data/rsg/chemistry/jyim/large_data/scope/d2bs2b2.pdb,1,homomer,106,106,0.49056603773584906,0.16981132075471697,0.33962264150943394,1.336962076560309
d6nfea1,preprocessed/d6nfea1.pkl,/data/rsg/chemistry/jyim/large_data/scope/d6nfea1.pdb,1,homomer,161,161,0.40372670807453415,0.36024844720496896,0.2360248447204969,1.7422139526951699
d2xpwa1,preprocessed/d2xpwa1.pkl,/data/rsg/chemistry/jyim/large_data/scope/d2xpwa1.pdb,1,homomer,65,65,0.23076923076923078,0.7692307692307693,0.0,1.2389210807594433
d2jena_,preprocessed/d2jena_.pkl,/data/rsg/chemistry/jyim/large_data/scope/d2jena_.pdb,1,homomer,233,233,0.3905579399141631,0.060085836909871244,0.5493562231759657,1.6438880791199197
d1zkha1,preprocessed/d1zkha1.pkl,/data/rsg/chemistry/jyim/large_data/scope/d1zkha1.pdb,1,homomer,86,86,10.337209302325581,2.9302325581395348,6.732558139534884,1.2170544225028563
d2wnha1,preprocessed/d2wnha1.pkl,/data/rsg/chemistry/jyim/large_data/scope/d2wnha1.pdb,1,homomer,393,393,0.4300254452926209,0.4198473282442748,0.15012722646310434,2.089230938856176
d1z3ix1,preprocessed/d1z3ix1.pkl,/data/rsg/chemistry/jyim/large_data/scope/d1z3ix1.pdb,1,homomer,346,346,0.4393063583815029,0.41040462427745666,0.15028901734104047,1.994396671987349
d7e7ga_,preprocessed/d7e7ga_.pkl,/data/rsg/chemistry/jyim/large_data/scope/d7e7ga_.pdb,1,homomer,362,362,0.40331491712707185,0.4198895027624309,0.17679558011049723,2.1021635161463625
d1z2ia_,preprocessed/d1z2ia_.pkl,/data/rsg/chemistry/jyim/large_data/scope/d1z2ia_.pdb,1,homomer,350,350,0.4,0.4342857142857143,0.1657142857142857,2.0447862879250747
d2qam31,preprocessed/d2qam31.pkl,/data/rsg/chemistry/jyim/large_data/scope/d2qam31.pdb,1,homomer,64,64,0.78125,0.1875,0.03125,1.4757942801905903
d1xeqa1,preprocessed/d1xeqa1.pkl,/data/rsg/chemistry/jyim/large_data/scope/d1xeqa1.pdb,1,homomer,89,89,0.30337078651685395,0.6966292134831461,0.0,1.4931953797795994
d1x5xa1,preprocessed/d1x5xa1.pkl,/data/rsg/chemistry/jyim/large_data/scope/d1x5xa1.pdb,1,homomer,96,96,11.25,0.0,8.75,1.357664699650749
d1u5pa2,preprocessed/d1u5pa2.pkl,/data/rsg/chemistry/jyim/large_data/scope/d1u5pa2.pdb,1,homomer,101,101,0.16831683168316833,0.8316831683168316,0.0,1.6860619364240377
d3rf3a1,preprocessed/d3rf3a1.pkl,/data/rsg/chemistry/jyim/large_data/scope/d3rf3a1.pdb,1,homomer,127,127,0.2283464566929134,0.7716535433070866,0.0,1.6272205645819835
d4olta_,preprocessed/d4olta_.pkl,/data/rsg/chemistry/jyim/large_data/scope/d4olta_.pdb,1,homomer,236,236,0.3474576271186441,0.5847457627118644,0.06779661016949153,1.7540339274025032
d2hdza_,preprocessed/d2hdza_.pkl,/data/rsg/chemistry/jyim/large_data/scope/d2hdza_.pdb,1,homomer,66,66,0.21212121212121213,0.7878787878787878,0.0,1.3969563082454344
d2elca1,preprocessed/d2elca1.pkl,/data/rsg/chemistry/jyim/large_data/scope/d2elca1.pdb,1,homomer,65,65,0.2923076923076923,0.7076923076923077,0.0,1.1360233186609354
d3gd6a2,preprocessed/d3gd6a2.pkl,/data/rsg/chemistry/jyim/large_data/scope/d3gd6a2.pdb,1,homomer,252,252,0.4365079365079365,0.4007936507936508,0.1626984126984127,1.8643943661391351
d1mgta2,preprocessed/d1mgta2.pkl,/data/rsg/chemistry/jyim/large_data/scope/d1mgta2.pdb,1,homomer,88,88,0.32954545454545453,0.375,0.29545454545454547,1.2951557943558978
d5amva_,preprocessed/d5amva_.pkl,/data/rsg/chemistry/jyim/large_data/scope/d5amva_.pdb,1,homomer,399,399,0.5012531328320802,0.18796992481203006,0.3107769423558897,2.0641330243603977
d4g3qa2,preprocessed/d4g3qa2.pkl,/data/rsg/chemistry/jyim/large_data/scope/d4g3qa2.pdb,1,homomer,217,217,0.5069124423963134,0.08755760368663594,0.4055299539170507,2.2155141749146297
d5t1na_,preprocessed/d5t1na_.pkl,/data/rsg/chemistry/jyim/large_data/scope/d5t1na_.pdb,1,homomer,85,85,7.435294117647059,7.4941176470588236,5.070588235294117,1.189121906571033
d7b5oi2,preprocessed/d7b5oi2.pkl,/data/rsg/chemistry/jyim/large_data/scope/d7b5oi2.pdb,1,homomer,123,123,0.2682926829268293,0.7317073170731707,0.0,1.8478557815223224
d1gpja2,preprocessed/d1gpja2.pkl,/data/rsg/chemistry/jyim/large_data/scope/d1gpja2.pdb,1,homomer,159,159,0.3522012578616352,0.4716981132075472,0.1761006289308176,1.551760842135703
d4f25a1,preprocessed/d4f25a1.pkl,/data/rsg/chemistry/jyim/large_data/scope/d4f25a1.pdb,1,homomer,80,80,0.325,0.275,0.4,1.2200762953602486
d4uxua_,preprocessed/d4uxua_.pkl,/data/rsg/chemistry/jyim/large_data/scope/d4uxua_.pdb,1,homomer,210,210,0.4142857142857143,0.0761904761904762,0.5095238095238095,2.004098661732099
d4oeva_,preprocessed/d4oeva_.pkl,/data/rsg/chemistry/jyim/large_data/scope/d4oeva_.pdb,1,homomer,494,494,0.46558704453441296,0.2854251012145749,0.24898785425101214,2.356510208097075
d2e5ha1,preprocessed/d2e5ha1.pkl,/data/rsg/chemistry/jyim/large_data/scope/d2e5ha1.pdb,1,homomer,87,87,10.275862068965518,4.206896551724138,5.517241379310345,1.2657689967394188
d1ehxa_,preprocessed/d1ehxa_.pkl,/data/rsg/chemistry/jyim/large_data/scope/d1ehxa_.pdb,1,homomer,94,94,10.617021276595745,2.478723404255319,6.904255319148936,1.344681914432854
d1oyia_,preprocessed/d1oyia_.pkl,/data/rsg/chemistry/jyim/large_data/scope/d1oyia_.pdb,1,homomer,62,62,7.709677419354839,10.193548387096774,2.096774193548387,1.1363443341196398
d4fd9a_,preprocessed/d4fd9a_.pkl,/data/rsg/chemistry/jyim/large_data/scope/d4fd9a_.pdb,1,homomer,92,92,0.43478260869565216,0.11956521739130435,0.44565217391304346,1.2385708576473076
d3wi7a_,preprocessed/d3wi7a_.pkl,/data/rsg/chemistry/jyim/large_data/scope/d3wi7a_.pdb,1,homomer,291,291,0.3230240549828179,0.46735395189003437,0.20962199312714777,1.7679509447187665
d5v0za_,preprocessed/d5v0za_.pkl,/data/rsg/chemistry/jyim/large_data/scope/d5v0za_.pdb,1,homomer,189,189,0.4973544973544973,0.21164021164021163,0.291005291005291,1.7264906016064023
d4db1a2,preprocessed/d4db1a2.pkl,/data/rsg/chemistry/jyim/large_data/scope/d4db1a2.pdb,1,homomer,44,44,0.3409090909090909,0.06818181818181818,0.5909090909090909,0.955846887686081
d1r5ta_,preprocessed/d1r5ta_.pkl,/data/rsg/chemistry/jyim/large_data/scope/d1r5ta_.pdb,1,homomer,141,141,0.46099290780141844,0.3262411347517731,0.2127659574468085,1.488511577454524
d3tava1,preprocessed/d3tava1.pkl,/data/rsg/chemistry/jyim/large_data/scope/d3tava1.pdb,1,homomer,263,263,0.44106463878326996,0.30038022813688214,0.2585551330798479,1.7237113037560314
d6tcdd1,preprocessed/d6tcdd1.pkl,/data/rsg/chemistry/jyim/large_data/scope/d6tcdd1.pdb,1,homomer,131,131,0.42748091603053434,0.2748091603053435,0.29770992366412213,1.4536560453433014
d1tzyc_,preprocessed/d1tzyc_.pkl,/data/rsg/chemistry/jyim/large_data/scope/d1tzyc_.pdb,1,homomer,95,95,0.28421052631578947,0.7157894736842105,0.0,1.702989389042073
d3ctla_,preprocessed/d3ctla_.pkl,/data/rsg/chemistry/jyim/large_data/scope/d3ctla_.pdb,1,homomer,219,219,0.3926940639269406,0.4155251141552511,0.1917808219178082,1.658486308676586
d1g6ha_,preprocessed/d1g6ha_.pkl,/data/rsg/chemistry/jyim/large_data/scope/d1g6ha_.pdb,1,homomer,254,254,0.35039370078740156,0.4015748031496063,0.24803149606299213,1.8523803695035652
d6ly5c_,preprocessed/d6ly5c_.pkl,/data/rsg/chemistry/jyim/large_data/scope/d6ly5c_.pdb,1,homomer,80,80,0.5875,0.2125,0.2,1.304992498690467
d1pzsa_,preprocessed/d1pzsa_.pkl,/data/rsg/chemistry/jyim/large_data/scope/d1pzsa_.pdb,1,homomer,171,171,0.5672514619883041,0.08187134502923976,0.3508771929824561,1.5877487337036837
d1b0na1,preprocessed/d1b0na1.pkl,/data/rsg/chemistry/jyim/large_data/scope/d1b0na1.pdb,1,homomer,35,35,0.2,0.8,0.0,1.182837552644455
d1goia1,preprocessed/d1goia1.pkl,/data/rsg/chemistry/jyim/large_data/scope/d1goia1.pdb,1,homomer,52,52,0.6346153846153846,0.0,0.36538461538461536,0.9967532393890652
d2f8aa1,preprocessed/d2f8aa1.pkl,/data/rsg/chemistry/jyim/large_data/scope/d2f8aa1.pdb,1,homomer,184,184,0.5108695652173914,0.32065217391304346,0.16847826086956522,1.521910721919127
d1f5xa_,preprocessed/d1f5xa_.pkl,/data/rsg/chemistry/jyim/large_data/scope/d1f5xa_.pdb,1,homomer,208,208,6.197115384615385,13.802884615384615,0.0,1.8550242924327451
d3i94a_,preprocessed/d3i94a_.pkl,/data/rsg/chemistry/jyim/large_data/scope/d3i94a_.pdb,1,homomer,243,243,0.3292181069958848,0.43209876543209874,0.23868312757201646,1.729261744087883
d1r94a_,preprocessed/d1r94a_.pkl,/data/rsg/chemistry/jyim/large_data/scope/d1r94a_.pdb,1,homomer,97,97,0.32989690721649484,0.21649484536082475,0.4536082474226804,1.3475631856240213
d1gzsb_,preprocessed/d1gzsb_.pkl,/data/rsg/chemistry/jyim/large_data/scope/d1gzsb_.pdb,1,homomer,165,165,0.23636363636363636,0.7151515151515152,0.048484848484848485,1.7582216169514855
d1k4ia_,preprocessed/d1k4ia_.pkl,/data/rsg/chemistry/jyim/large_data/scope/d1k4ia_.pdb,1,homomer,216,216,0.39351851851851855,0.37037037037037035,0.2361111111111111,1.7027479762195492
d1s6da_,preprocessed/d1s6da_.pkl,/data/rsg/chemistry/jyim/large_data/scope/d1s6da_.pdb,1,homomer,103,103,12.592233009708737,7.407766990291262,0.0,1.4782089131095173
d4wesb_,preprocessed/d4wesb_.pkl,/data/rsg/chemistry/jyim/large_data/scope/d4wesb_.pdb,1,homomer,458,458,0.37554585152838427,0.4912663755458515,0.1331877729257642,2.292893319768143
d1r69a_,preprocessed/d1r69a_.pkl,/data/rsg/chemistry/jyim/large_data/scope/d1r69a_.pdb,1,homomer,63,63,0.36507936507936506,0.6349206349206349,0.0,1.038926469322139
d4e01a1,preprocessed/d4e01a1.pkl,/data/rsg/chemistry/jyim/large_data/scope/d4e01a1.pdb,1,homomer,146,146,0.2465753424657534,0.7397260273972602,0.0136986301369863,1.7188064052570262
d1x9fc_,preprocessed/d1x9fc_.pkl,/data/rsg/chemistry/jyim/large_data/scope/d1x9fc_.pdb,1,homomer,149,149,0.24161073825503357,0.7583892617449665,0.0,1.5318529538044305
d4jf8a_,preprocessed/d4jf8a_.pkl,/data/rsg/chemistry/jyim/large_data/scope/d4jf8a_.pdb,1,homomer,144,144,0.3472222222222222,0.3194444444444444,0.3333333333333333,1.5692415599898364
d1nzya_,preprocessed/d1nzya_.pkl,/data/rsg/chemistry/jyim/large_data/scope/d1nzya_.pdb,1,homomer,269,269,0.31970260223048325,0.5315985130111525,0.14869888475836432,1.9756172643348415
d1yoca1,preprocessed/d1yoca1.pkl,/data/rsg/chemistry/jyim/large_data/scope/d1yoca1.pdb,1,homomer,145,145,0.2689655172413793,0.33793103448275863,0.3931034482758621,1.5030007430177243
d3mi02_,preprocessed/d3mi02_.pkl,/data/rsg/chemistry/jyim/large_data/scope/d3mi02_.pdb,1,homomer,223,223,0.2914798206278027,0.42152466367713004,0.28699551569506726,1.6977592466590172
d4qrna1,preprocessed/d4qrna1.pkl,/data/rsg/chemistry/jyim/large_data/scope/d4qrna1.pdb,1,homomer,351,351,0.3817663817663818,0.5213675213675214,0.09686609686609686,1.9662356062462074
d1z0kb1,preprocessed/d1z0kb1.pkl,/data/rsg/chemistry/jyim/large_data/scope/d1z0kb1.pdb,1,homomer,61,61,0.36065573770491804,0.639344262295082,0.0,1.2368988639855496
d4my5a_,preprocessed/d4my5a_.pkl,/data/rsg/chemistry/jyim/large_data/scope/d4my5a_.pdb,1,homomer,390,390,0.4256410256410256,0.4307692307692308,0.14358974358974358,2.1446807087575634
d3reta_,preprocessed/d3reta_.pkl,/data/rsg/chemistry/jyim/large_data/scope/d3reta_.pdb,1,homomer,97,97,0.17525773195876287,0.8247422680412371,0.0,1.7013201226214727
d1ijya_,preprocessed/d1ijya_.pkl,/data/rsg/chemistry/jyim/large_data/scope/d1ijya_.pdb,1,homomer,122,122,0.5163934426229508,0.4262295081967213,0.05737704918032787,1.408361669253233
d3b9oa_,preprocessed/d3b9oa_.pkl,/data/rsg/chemistry/jyim/large_data/scope/d3b9oa_.pdb,1,homomer,433,433,0.3833718244803695,0.44341801385681295,0.17321016166281755,2.2083628308068888
d4ipca1,preprocessed/d4ipca1.pkl,/data/rsg/chemistry/jyim/large_data/scope/d4ipca1.pdb,1,homomer,120,120,0.39166666666666666,0.19166666666666668,0.4166666666666667,1.3565509482493552
d3b0ga1,preprocessed/d3b0ga1.pkl,/data/rsg/chemistry/jyim/large_data/scope/d3b0ga1.pdb,1,homomer,157,157,0.3503184713375796,0.46496815286624205,0.18471337579617833,1.7674989785056525
d2vk8a3,preprocessed/d2vk8a3.pkl,/data/rsg/chemistry/jyim/large_data/scope/d2vk8a3.pdb,1,homomer,203,203,0.4039408866995074,0.42857142857142855,0.16748768472906403,1.6748027888141588
d1peqa1,preprocessed/d1peqa1.pkl,/data/rsg/chemistry/jyim/large_data/scope/d1peqa1.pdb,1,homomer,162,162,0.37037037037037035,0.5987654320987654,0.030864197530864196,1.7434813256697652
d4cbug_,preprocessed/d4cbug_.pkl,/data/rsg/chemistry/jyim/large_data/scope/d4cbug_.pdb,1,homomer,125,125,0.448,0.216,0.336,1.4141433593540256
d1yk3a1,preprocessed/d1yk3a1.pkl,/data/rsg/chemistry/jyim/large_data/scope/d1yk3a1.pdb,1,homomer,198,198,0.3787878787878788,0.35858585858585856,0.26262626262626265,1.6135546260677351
d3g21a_,preprocessed/d3g21a_.pkl,/data/rsg/chemistry/jyim/large_data/scope/d3g21a_.pdb,1,homomer,77,77,0.38961038961038963,0.6103896103896104,0.0,1.1910602573160491
d2al6a2,preprocessed/d2al6a2.pkl,/data/rsg/chemistry/jyim/large_data/scope/d2al6a2.pdb,1,homomer,110,110,0.39090909090909093,0.2,0.4090909090909091,1.368313454624637
d2hcma1,preprocessed/d2hcma1.pkl,/data/rsg/chemistry/jyim/large_data/scope/d2hcma1.pdb,1,homomer,157,157,0.4012738853503185,0.43312101910828027,0.16560509554140126,1.4964142486103003
d4mzya2,preprocessed/d4mzya2.pkl,/data/rsg/chemistry/jyim/large_data/scope/d4mzya2.pdb,1,homomer,348,348,0.3879310344827586,0.4109195402298851,0.20114942528735633,2.7366936938743716
d1k91a1,preprocessed/d1k91a1.pkl,/data/rsg/chemistry/jyim/large_data/scope/d1k91a1.pdb,1,homomer,36,36,16.5,0.2222222222222222,3.2777777777777777,1.3512805331629074
d3hm0a_,preprocessed/d3hm0a_.pkl,/data/rsg/chemistry/jyim/large_data/scope/d3hm0a_.pdb,1,homomer,126,126,0.36507936507936506,0.19047619047619047,0.4444444444444444,1.5615356126781943
d3lmna_,preprocessed/d3lmna_.pkl,/data/rsg/chemistry/jyim/large_data/scope/d3lmna_.pdb,1,homomer,132,132,0.553030303030303,0.30303030303030304,0.14393939393939395,1.822167010842207
d2zhna_,preprocessed/d2zhna_.pkl,/data/rsg/chemistry/jyim/large_data/scope/d2zhna_.pdb,1,homomer,145,145,0.45517241379310347,0.020689655172413793,0.5241379310344828,1.3959842940978349
d3ldfa1,preprocessed/d3ldfa1.pkl,/data/rsg/chemistry/jyim/large_data/scope/d3ldfa1.pdb,1,homomer,68,68,0.38235294117647056,0.17647058823529413,0.4411764705882353,1.1054427576289256
d6lwta1,preprocessed/d6lwta1.pkl,/data/rsg/chemistry/jyim/large_data/scope/d6lwta1.pdb,1,homomer,86,86,0.32558139534883723,0.1744186046511628,0.5,1.40143674446607
d2slia1,preprocessed/d2slia1.pkl,/data/rsg/chemistry/jyim/large_data/scope/d2slia1.pdb,1,homomer,196,196,0.44387755102040816,0.07653061224489796,0.47959183673469385,1.544484569914757
d3h8qa1,preprocessed/d3h8qa1.pkl,/data/rsg/chemistry/jyim/large_data/scope/d3h8qa1.pdb,1,homomer,106,106,0.330188679245283,0.5094339622641509,0.16037735849056603,1.3359435264094845
d2qamh1,preprocessed/d2qamh1.pkl,/data/rsg/chemistry/jyim/large_data/scope/d2qamh1.pdb,1,homomer,91,91,0.8351648351648352,0.12087912087912088,0.04395604395604396,1.4391748406918858
d1nlsa_,preprocessed/d1nlsa_.pkl,/data/rsg/chemistry/jyim/large_data/scope/d1nlsa_.pdb,1,homomer,237,237,0.4936708860759494,0.0379746835443038,0.46835443037974683,1.7206566119359032
d5ghla_,preprocessed/d5ghla_.pkl,/data/rsg/chemistry/jyim/large_data/scope/d5ghla_.pdb,1,homomer,108,108,0.46296296296296297,0.05555555555555555,0.48148148148148145,1.4024022519307018
d1droa_,preprocessed/d1droa_.pkl,/data/rsg/chemistry/jyim/large_data/scope/d1droa_.pdb,1,homomer,122,122,9.28688524590164,2.278688524590164,3.4344262295081966,1.4290387556106245
d3byia1,preprocessed/d3byia1.pkl,/data/rsg/chemistry/jyim/large_data/scope/d3byia1.pdb,1,homomer,210,210,0.3333333333333333,0.6666666666666666,0.0,1.7574976708180436
d2jn9a1,preprocessed/d2jn9a1.pkl,/data/rsg/chemistry/jyim/large_data/scope/d2jn9a1.pdb,1,homomer,95,95,5.3052631578947365,0.5578947368421052,4.136842105263158,1.329116744834486
d1atia1,preprocessed/d1atia1.pkl,/data/rsg/chemistry/jyim/large_data/scope/d1atia1.pdb,1,homomer,111,111,0.4144144144144144,0.36936936936936937,0.21621621621621623,1.3706927213431264
d1w96a2,preprocessed/d1w96a2.pkl,/data/rsg/chemistry/jyim/large_data/scope/d1w96a2.pdb,1,homomer,170,170,0.4294117647058823,0.4470588235294118,0.12352941176470589,1.6594214594048362
d1or4a_,preprocessed/d1or4a_.pkl,/data/rsg/chemistry/jyim/large_data/scope/d1or4a_.pdb,1,homomer,169,169,0.21301775147928995,0.7633136094674556,0.023668639053254437,1.6443902563719432
d5x4ra_,preprocessed/d5x4ra_.pkl,/data/rsg/chemistry/jyim/large_data/scope/d5x4ra_.pdb,1,homomer,333,333,0.48348348348348347,0.10810810810810811,0.4084084084084084,2.014267542541771
d1pi1a1,preprocessed/d1pi1a1.pkl,/data/rsg/chemistry/jyim/large_data/scope/d1pi1a1.pdb,1,homomer,184,184,0.3967391304347826,0.5706521739130435,0.03260869565217391,1.6772297800232536
d3fi9a2,preprocessed/d3fi9a2.pkl,/data/rsg/chemistry/jyim/large_data/scope/d3fi9a2.pdb,1,homomer,180,180,0.29444444444444445,0.5,0.20555555555555555,1.7260888685849147
d1ilr1_,preprocessed/d1ilr1_.pkl,/data/rsg/chemistry/jyim/large_data/scope/d1ilr1_.pdb,1,homomer,145,145,0.38620689655172413,0.10344827586206896,0.5103448275862069,1.4446016564796818
d3f7pc1,preprocessed/d3f7pc1.pkl,/data/rsg/chemistry/jyim/large_data/scope/d3f7pc1.pdb,1,homomer,91,91,0.46153846153846156,0.0,0.5384615384615384,1.2945199761393162
d2cqla1,preprocessed/d2cqla1.pkl,/data/rsg/chemistry/jyim/large_data/scope/d2cqla1.pdb,1,homomer,87,87,7.942528735632184,4.781609195402299,7.275862068965517,1.3874364073169834
d6ifka5,preprocessed/d6ifka5.pkl,/data/rsg/chemistry/jyim/large_data/scope/d6ifka5.pdb,1,homomer,84,84,0.5595238095238095,0.16666666666666666,0.27380952380952384,1.5678978152439191
d1t9fa1,preprocessed/d1t9fa1.pkl,/data/rsg/chemistry/jyim/large_data/scope/d1t9fa1.pdb,1,homomer,176,176,0.5284090909090909,0.03409090909090909,0.4375,1.4795592836799512
d4rd4a2,preprocessed/d4rd4a2.pkl,/data/rsg/chemistry/jyim/large_data/scope/d4rd4a2.pdb,1,homomer,114,114,0.42105263157894735,0.07894736842105263,0.5,1.4611265040537746
d4coga_,preprocessed/d4coga_.pkl,/data/rsg/chemistry/jyim/large_data/scope/d4coga_.pdb,1,homomer,207,207,0.5700483091787439,0.1642512077294686,0.26570048309178745,1.7484514440775198
d2dnaa1,preprocessed/d2dnaa1.pkl,/data/rsg/chemistry/jyim/large_data/scope/d2dnaa1.pdb,1,homomer,54,54,7.407407407407407,12.592592592592593,0.0,1.1569388931467313
d2ahma1,preprocessed/d2ahma1.pkl,/data/rsg/chemistry/jyim/large_data/scope/d2ahma1.pdb,1,homomer,73,73,0.2054794520547945,0.7945205479452054,0.0,1.2770460584360757
d1jt8a_,preprocessed/d1jt8a_.pkl,/data/rsg/chemistry/jyim/large_data/scope/d1jt8a_.pdb,1,homomer,102,102,4.990196078431373,1.6862745098039216,3.323529411764706,1.5010844244896329
d1uf5a_,preprocessed/d1uf5a_.pkl,/data/rsg/chemistry/jyim/large_data/scope/d1uf5a_.pdb,1,homomer,303,303,0.39603960396039606,0.3201320132013201,0.2838283828382838,1.8850824627867628
d4qrea2,preprocessed/d4qrea2.pkl,/data/rsg/chemistry/jyim/large_data/scope/d4qrea2.pdb,1,homomer,161,161,0.3105590062111801,0.6645962732919255,0.024844720496894408,1.5123012593845473
d1rp0a1,preprocessed/d1rp0a1.pkl,/data/rsg/chemistry/jyim/large_data/scope/d1rp0a1.pdb,1,homomer,278,278,0.41007194244604317,0.3489208633093525,0.24100719424460432,2.0022610756886854
d1neqa_,preprocessed/d1neqa_.pkl,/data/rsg/chemistry/jyim/large_data/scope/d1neqa_.pdb,1,homomer,74,74,0.5,0.5,0.0,1.2492649103860196
d2f8ja2,preprocessed/d2f8ja2.pkl,/data/rsg/chemistry/jyim/large_data/scope/d2f8ja2.pdb,1,homomer,334,334,0.40119760479041916,0.437125748502994,0.16167664670658682,2.039826748954683
d2b79a2,preprocessed/d2b79a2.pkl,/data/rsg/chemistry/jyim/large_data/scope/d2b79a2.pdb,1,homomer,137,137,0.34306569343065696,0.26277372262773724,0.39416058394160586,1.4494903458917143
d2wb0x1,preprocessed/d2wb0x1.pkl,/data/rsg/chemistry/jyim/large_data/scope/d2wb0x1.pdb,1,homomer,89,89,0.38202247191011235,0.6179775280898876,0.0,1.391351311348059
d1wmda1,preprocessed/d1wmda1.pkl,/data/rsg/chemistry/jyim/large_data/scope/d1wmda1.pdb,1,homomer,116,116,0.5086206896551724,0.0,0.49137931034482757,1.4087917068809193
d1mpga1,preprocessed/d1mpga1.pkl,/data/rsg/chemistry/jyim/large_data/scope/d1mpga1.pdb,1,homomer,183,183,0.45901639344262296,0.5300546448087432,0.01092896174863388,1.7563876111168133
d1jfba_,preprocessed/d1jfba_.pkl,/data/rsg/chemistry/jyim/large_data/scope/d1jfba_.pdb,1,homomer,399,399,0.37593984962406013,0.5263157894736842,0.09774436090225563,2.1188351113588557
d1n00a1,preprocessed/d1n00a1.pkl,/data/rsg/chemistry/jyim/large_data/scope/d1n00a1.pdb,1,homomer,315,315,0.32063492063492066,0.6793650793650794,0.0,2.120326585277148
d1ko7a1,preprocessed/d1ko7a1.pkl,/data/rsg/chemistry/jyim/large_data/scope/d1ko7a1.pdb,1,homomer,129,129,0.4186046511627907,0.4418604651162791,0.13953488372093023,1.391277991489819
d1qr4a1,preprocessed/d1qr4a1.pkl,/data/rsg/chemistry/jyim/large_data/scope/d1qr4a1.pdb,1,homomer,87,87,0.45977011494252873,0.0,0.5402298850574713,1.2764446087389256
d4ousa_,preprocessed/d4ousa_.pkl,/data/rsg/chemistry/jyim/large_data/scope/d4ousa_.pdb,1,homomer,132,132,0.4318181818181818,0.0,0.5681818181818182,1.4585667075384754
d5ryoa3,preprocessed/d5ryoa3.pkl,/data/rsg/chemistry/jyim/large_data/scope/d5ryoa3.pdb,1,homomer,94,94,0.32978723404255317,0.2127659574468085,0.4574468085106383,1.3537476193846536
d1ip9a1,preprocessed/d1ip9a1.pkl,/data/rsg/chemistry/jyim/large_data/scope/d1ip9a1.pdb,1,homomer,80,80,9.65,5.2625,5.0875,1.2090799871925813
d1np7a2,preprocessed/d1np7a2.pkl,/data/rsg/chemistry/jyim/large_data/scope/d1np7a2.pdb,1,homomer,204,204,0.45588235294117646,0.38235294117647056,0.16176470588235295,1.8855395386821037
d2xhia2,preprocessed/d2xhia2.pkl,/data/rsg/chemistry/jyim/large_data/scope/d2xhia2.pdb,1,homomer,190,190,0.3368421052631579,0.6157894736842106,0.04736842105263158,1.7788094630997384
d2h3na_,preprocessed/d2h3na_.pkl,/data/rsg/chemistry/jyim/large_data/scope/d2h3na_.pdb,1,homomer,99,99,0.46464646464646464,0.06060606060606061,0.47474747474747475,1.326047181795493
d5y6qa2,preprocessed/d5y6qa2.pkl,/data/rsg/chemistry/jyim/large_data/scope/d5y6qa2.pdb,1,homomer,77,77,0.44155844155844154,0.5584415584415584,0.0,1.1739410676101347
d1eija_,preprocessed/d1eija_.pkl,/data/rsg/chemistry/jyim/large_data/scope/d1eija_.pdb,1,homomer,72,72,4.069444444444445,5.930555555555555,0.0,1.3695145351539726
d4odda_,preprocessed/d4odda_.pkl,/data/rsg/chemistry/jyim/large_data/scope/d4odda_.pdb,1,homomer,149,149,0.3691275167785235,0.15436241610738255,0.47651006711409394,1.4448038887082266
d1plsa1,preprocessed/d1plsa1.pkl,/data/rsg/chemistry/jyim/large_data/scope/d1plsa1.pdb,1,homomer,105,105,12.057142857142857,4.333333333333333,8.60952380952381,1.312405319945779
d6w67a_,preprocessed/d6w67a_.pkl,/data/rsg/chemistry/jyim/large_data/scope/d6w67a_.pdb,1,homomer,129,129,0.3875968992248062,0.49612403100775193,0.11627906976744186,1.6454981446351375
d5k0ua_,preprocessed/d5k0ua_.pkl,/data/rsg/chemistry/jyim/large_data/scope/d5k0ua_.pdb,1,homomer,263,263,0.6349809885931559,0.09505703422053231,0.26996197718631176,2.499383149360116
d5z37a_,preprocessed/d5z37a_.pkl,/data/rsg/chemistry/jyim/large_data/scope/d5z37a_.pdb,1,homomer,246,246,0.3170731707317073,0.4268292682926829,0.25609756097560976,1.7480022692354769
d2giya1,preprocessed/d2giya1.pkl,/data/rsg/chemistry/jyim/large_data/scope/d2giya1.pdb,1,homomer,173,173,0.4508670520231214,0.09248554913294797,0.45664739884393063,1.6480910943000717
d2bfwa1,preprocessed/d2bfwa1.pkl,/data/rsg/chemistry/jyim/large_data/scope/d2bfwa1.pdb,1,homomer,196,196,0.3622448979591837,0.4846938775510204,0.15306122448979592,1.5563334492787704
d1g4ia_,preprocessed/d1g4ia_.pkl,/data/rsg/chemistry/jyim/large_data/scope/d1g4ia_.pdb,1,homomer,123,123,0.3821138211382114,0.5284552845528455,0.08943089430894309,1.4431304935905018
d1jlya1,preprocessed/d1jlya1.pkl,/data/rsg/chemistry/jyim/large_data/scope/d1jlya1.pdb,1,homomer,153,153,0.5816993464052288,0.0,0.41830065359477125,1.4223008646595499
d2wt3a3,preprocessed/d2wt3a3.pkl,/data/rsg/chemistry/jyim/large_data/scope/d2wt3a3.pdb,1,homomer,122,122,0.36885245901639346,0.03278688524590164,0.5983606557377049,1.6320626098371749
d1z6ga_,preprocessed/d1z6ga_.pkl,/data/rsg/chemistry/jyim/large_data/scope/d1z6ga_.pdb,1,homomer,191,191,0.35602094240837695,0.42408376963350786,0.2198952879581152,1.6889360996063774
d2vc3a_,preprocessed/d2vc3a_.pkl,/data/rsg/chemistry/jyim/large_data/scope/d2vc3a_.pdb,1,homomer,263,263,0.3726235741444867,0.41064638783269963,0.21673003802281368,1.8469382410504185
d2hfqa1,preprocessed/d2hfqa1.pkl,/data/rsg/chemistry/jyim/large_data/scope/d2hfqa1.pdb,1,homomer,85,85,7.141176470588236,5.7176470588235295,7.141176470588236,1.2653177657019006
d4jaqa1,preprocessed/d4jaqa1.pkl,/data/rsg/chemistry/jyim/large_data/scope/d4jaqa1.pdb,1,homomer,210,210,0.3,0.49047619047619045,0.20952380952380953,1.9337922911319927
d3nfka_,preprocessed/d3nfka_.pkl,/data/rsg/chemistry/jyim/large_data/scope/d3nfka_.pdb,1,homomer,92,92,0.42391304347826086,0.20652173913043478,0.3695652173913043,1.234655597469587
d2vn6b_,preprocessed/d2vn6b_.pkl,/data/rsg/chemistry/jyim/large_data/scope/d2vn6b_.pdb,1,homomer,64,64,0.59375,0.40625,0.0,1.0851391290132248
d1f13a3,preprocessed/d1f13a3.pkl,/data/rsg/chemistry/jyim/large_data/scope/d1f13a3.pdb,1,homomer,101,101,0.3465346534653465,0.0,0.6534653465346535,1.4864684488420217
d4n2ka1,preprocessed/d4n2ka1.pkl,/data/rsg/chemistry/jyim/large_data/scope/d4n2ka1.pdb,1,homomer,113,113,0.5132743362831859,0.0,0.48672566371681414,1.3466876121514881
d2hj1a1,preprocessed/d2hj1a1.pkl,/data/rsg/chemistry/jyim/large_data/scope/d2hj1a1.pdb,1,homomer,77,77,0.5844155844155844,0.15584415584415584,0.2597402597402597,1.4929222399794002
d2q9qa2,preprocessed/d2q9qa2.pkl,/data/rsg/chemistry/jyim/large_data/scope/d2q9qa2.pdb,1,homomer,61,61,0.3770491803278688,0.2786885245901639,0.3442622950819672,1.2238592200929064
d1gy7a_,preprocessed/d1gy7a_.pkl,/data/rsg/chemistry/jyim/large_data/scope/d1gy7a_.pdb,1,homomer,121,121,0.2066115702479339,0.2975206611570248,0.49586776859504134,1.3933885007967655
d3fd4a_,preprocessed/d3fd4a_.pkl,/data/rsg/chemistry/jyim/large_data/scope/d3fd4a_.pdb,1,homomer,140,140,0.6214285714285714,0.1,0.2785714285714286,1.5152203549617138
d3cb2a1,preprocessed/d3cb2a1.pkl,/data/rsg/chemistry/jyim/large_data/scope/d3cb2a1.pdb,1,homomer,245,245,0.37142857142857144,0.4530612244897959,0.17551020408163265,1.7600434999559194
d1qexa_,preprocessed/d1qexa_.pkl,/data/rsg/chemistry/jyim/large_data/scope/d1qexa_.pdb,1,homomer,288,288,0.5138888888888888,0.09722222222222222,0.3888888888888889,3.2019825903829378
d1tjva_,preprocessed/d1tjva_.pkl,/data/rsg/chemistry/jyim/large_data/scope/d1tjva_.pdb,1,homomer,449,449,0.267260579064588,0.6770601336302895,0.0556792873051225,3.025257860278262
d2eyqa5,preprocessed/d2eyqa5.pkl,/data/rsg/chemistry/jyim/large_data/scope/d2eyqa5.pdb,1,homomer,211,211,0.33175355450236965,0.4976303317535545,0.17061611374407584,1.9811245103227388
d1ut1a_,preprocessed/d1ut1a_.pkl,/data/rsg/chemistry/jyim/large_data/scope/d1ut1a_.pdb,1,homomer,140,140,0.4,0.04285714285714286,0.5571428571428572,1.5776696159699282
d4adba_,preprocessed/d4adba_.pkl,/data/rsg/chemistry/jyim/large_data/scope/d4adba_.pdb,1,homomer,400,400,0.4,0.415,0.185,2.1538948072735797
d1k0ma1,preprocessed/d1k0ma1.pkl,/data/rsg/chemistry/jyim/large_data/scope/d1k0ma1.pdb,1,homomer,149,149,0.42953020134228187,0.5704697986577181,0.0,1.674068253630113
d2g50a1,preprocessed/d2g50a1.pkl,/data/rsg/chemistry/jyim/large_data/scope/d2g50a1.pdb,1,homomer,102,102,0.5,0.06862745098039216,0.43137254901960786,1.2326469698756906
d2bj7a1,preprocessed/d2bj7a1.pkl,/data/rsg/chemistry/jyim/large_data/scope/d2bj7a1.pdb,1,homomer,50,50,0.42,0.58,0.0,1.3603728959762984
d2cjja1,preprocessed/d2cjja1.pkl,/data/rsg/chemistry/jyim/large_data/scope/d2cjja1.pdb,1,homomer,63,63,0.3492063492063492,0.6507936507936508,0.0,1.2349918988314015
d3im3a_,preprocessed/d3im3a_.pkl,/data/rsg/chemistry/jyim/large_data/scope/d3im3a_.pdb,1,homomer,50,50,0.16,0.84,0.0,1.3436919921921224
d3jtea1,preprocessed/d3jtea1.pkl,/data/rsg/chemistry/jyim/large_data/scope/d3jtea1.pdb,1,homomer,125,125,0.312,0.488,0.2,1.3397267172600733
d1lvka1,preprocessed/d1lvka1.pkl,/data/rsg/chemistry/jyim/large_data/scope/d1lvka1.pdb,1,homomer,46,46,0.45652173913043476,0.06521739130434782,0.4782608695652174,1.0305864155743003
d2f5ga_,preprocessed/d2f5ga_.pkl,/data/rsg/chemistry/jyim/large_data/scope/d2f5ga_.pdb,1,homomer,130,130,0.3153846153846154,0.4230769230769231,0.26153846153846155,1.851636843774064
d1rk6a1,preprocessed/d1rk6a1.pkl,/data/rsg/chemistry/jyim/large_data/scope/d1rk6a1.pdb,1,homomer,55,55,0.5272727272727272,0.0,0.4727272727272727,1.0869723453117968
d5vg0a_,preprocessed/d5vg0a_.pkl,/data/rsg/chemistry/jyim/large_data/scope/d5vg0a_.pdb,1,homomer,142,142,0.4225352112676056,0.14788732394366197,0.4295774647887324,1.3989085830897776
d6yr3a_,preprocessed/d6yr3a_.pkl,/data/rsg/chemistry/jyim/large_data/scope/d6yr3a_.pdb,1,homomer,223,223,0.3094170403587444,0.5201793721973094,0.17040358744394618,2.0676999534385
d1tkea2,preprocessed/d1tkea2.pkl,/data/rsg/chemistry/jyim/large_data/scope/d1tkea2.pdb,1,homomer,162,162,0.3271604938271605,0.3888888888888889,0.2839506172839506,1.5332510465741718
d1d0ba_,preprocessed/d1d0ba_.pkl,/data/rsg/chemistry/jyim/large_data/scope/d1d0ba_.pdb,1,homomer,207,207,0.6521739130434783,0.21256038647342995,0.13526570048309178,1.8901374217008582
d1aoea_,preprocessed/d1aoea_.pkl,/data/rsg/chemistry/jyim/large_data/scope/d1aoea_.pdb,1,homomer,192,192,0.4010416666666667,0.25,0.3489583333333333,1.6447421195490164
d6vr6a_,preprocessed/d6vr6a_.pkl,/data/rsg/chemistry/jyim/large_data/scope/d6vr6a_.pdb,1,homomer,492,492,0.37398373983739835,0.4105691056910569,0.21544715447154472,2.3715936442056003
d1xm5a_,preprocessed/d1xm5a_.pkl,/data/rsg/chemistry/jyim/large_data/scope/d1xm5a_.pdb,1,homomer,152,152,0.35526315789473684,0.4473684210526316,0.19736842105263158,1.5038273620461726
d4w64a1,preprocessed/d4w64a1.pkl,/data/rsg/chemistry/jyim/large_data/scope/d4w64a1.pdb,1,homomer,167,167,0.40718562874251496,0.07784431137724551,0.5149700598802395,1.7643912543551292
d4pp8a_,preprocessed/d4pp8a_.pkl,/data/rsg/chemistry/jyim/large_data/scope/d4pp8a_.pdb,1,homomer,125,125,0.504,0.12,0.376,1.4099977957340415
d1a0aa_,preprocessed/d1a0aa_.pkl,/data/rsg/chemistry/jyim/large_data/scope/d1a0aa_.pdb,1,homomer,63,63,0.38095238095238093,0.6190476190476191,0.0,1.7019573352098698
d2ehga_,preprocessed/d2ehga_.pkl,/data/rsg/chemistry/jyim/large_data/scope/d2ehga_.pdb,1,homomer,149,149,0.348993288590604,0.3959731543624161,0.2550335570469799,1.4591586400029675
d3fava_,preprocessed/d3fava_.pkl,/data/rsg/chemistry/jyim/large_data/scope/d3fava_.pdb,1,homomer,74,74,0.12162162162162163,0.8783783783783784,0.0,1.6768178608231217
d1ft9a2,preprocessed/d1ft9a2.pkl,/data/rsg/chemistry/jyim/large_data/scope/d1ft9a2.pdb,1,homomer,132,132,0.36363636363636365,0.30303030303030304,0.3333333333333333,1.5589574212402666
d3ngxa2,preprocessed/d3ngxa2.pkl,/data/rsg/chemistry/jyim/large_data/scope/d3ngxa2.pdb,1,homomer,161,161,0.40372670807453415,0.422360248447205,0.17391304347826086,1.6465831129473605
d4r5za1,preprocessed/d4r5za1.pkl,/data/rsg/chemistry/jyim/large_data/scope/d4r5za1.pdb,1,homomer,352,352,0.4119318181818182,0.4289772727272727,0.1590909090909091,2.0371714498638536
d2cq2a1,preprocessed/d2cq2a1.pkl,/data/rsg/chemistry/jyim/large_data/scope/d2cq2a1.pdb,1,homomer,101,101,9.257425742574258,5.712871287128713,5.02970297029703,1.2648649399108804
d1uila1,preprocessed/d1uila1.pkl,/data/rsg/chemistry/jyim/large_data/scope/d1uila1.pdb,1,homomer,100,100,8.1,7.56,4.34,1.5398748263314876
d1xaua_,preprocessed/d1xaua_.pkl,/data/rsg/chemistry/jyim/large_data/scope/d1xaua_.pdb,1,homomer,104,104,0.4423076923076923,0.028846153846153848,0.5288461538461539,1.3797586942307092
d5wl1a2,preprocessed/d5wl1a2.pkl,/data/rsg/chemistry/jyim/large_data/scope/d5wl1a2.pdb,1,homomer,95,95,0.37894736842105264,0.06315789473684211,0.5578947368421052,1.35098544505244
d3ov2a2,preprocessed/d3ov2a2.pkl,/data/rsg/chemistry/jyim/large_data/scope/d3ov2a2.pdb,1,homomer,154,154,0.3246753246753247,0.38311688311688313,0.2922077922077922,1.5820596803563145
d3rkpa3,preprocessed/d3rkpa3.pkl,/data/rsg/chemistry/jyim/large_data/scope/d3rkpa3.pdb,1,homomer,107,107,0.42990654205607476,0.0,0.5700934579439252,1.466167921651765
d1uwva1,preprocessed/d1uwva1.pkl,/data/rsg/chemistry/jyim/large_data/scope/d1uwva1.pdb,1,homomer,60,60,0.36666666666666664,0.0,0.6333333333333333,1.0889988219031526
d2gova1,preprocessed/d2gova1.pkl,/data/rsg/chemistry/jyim/large_data/scope/d2gova1.pdb,1,homomer,184,184,9.048913043478262,3.8260869565217392,7.125,1.6553807372618834
d1whxa1,preprocessed/d1whxa1.pkl,/data/rsg/chemistry/jyim/large_data/scope/d1whxa1.pdb,1,homomer,98,98,10.10204081632653,5.63265306122449,4.26530612244898,1.9373784356422703
d2iw1a_,preprocessed/d2iw1a_.pkl,/data/rsg/chemistry/jyim/large_data/scope/d2iw1a_.pdb,1,homomer,370,370,0.36486486486486486,0.4756756756756757,0.15945945945945947,2.1362396062838385
d2jnga1,preprocessed/d2jnga1.pkl,/data/rsg/chemistry/jyim/large_data/scope/d2jnga1.pdb,1,homomer,76,76,9.25,3.3684210526315788,7.381578947368421,1.1586913984033858
d1j3wa_,preprocessed/d1j3wa_.pkl,/data/rsg/chemistry/jyim/large_data/scope/d1j3wa_.pdb,1,homomer,134,134,0.3283582089552239,0.44776119402985076,0.22388059701492538,1.441413113280941
d5c7ha_,preprocessed/d5c7ha_.pkl,/data/rsg/chemistry/jyim/large_data/scope/d5c7ha_.pdb,1,homomer,281,281,0.3807829181494662,0.47330960854092524,0.14590747330960854,1.8162798764619592
d1bdoa_,preprocessed/d1bdoa_.pkl,/data/rsg/chemistry/jyim/large_data/scope/d1bdoa_.pdb,1,homomer,80,80,0.55,0.0,0.45,1.1980530071321527
d1e44b_,preprocessed/d1e44b_.pkl,/data/rsg/chemistry/jyim/large_data/scope/d1e44b_.pdb,1,homomer,96,96,0.5729166666666666,0.11458333333333333,0.3125,1.3467601762874855
d1nm2a2,preprocessed/d1nm2a2.pkl,/data/rsg/chemistry/jyim/large_data/scope/d1nm2a2.pdb,1,homomer,62,62,0.24193548387096775,0.3064516129032258,0.45161290322580644,1.0303419493757282
d1z1wa2,preprocessed/d1z1wa2.pkl,/data/rsg/chemistry/jyim/large_data/scope/d1z1wa2.pdb,1,homomer,244,244,0.3442622950819672,0.5286885245901639,0.12704918032786885,1.7912372591092285
d1n26a2,preprocessed/d1n26a2.pkl,/data/rsg/chemistry/jyim/large_data/scope/d1n26a2.pdb,1,homomer,102,102,0.5,0.0,0.5,1.394601458938395
d2fh1a2,preprocessed/d2fh1a2.pkl,/data/rsg/chemistry/jyim/large_data/scope/d2fh1a2.pdb,1,homomer,96,96,0.46875,0.22916666666666666,0.3020833333333333,1.2160134157666522
d2m0ra_,preprocessed/d2m0ra_.pkl,/data/rsg/chemistry/jyim/large_data/scope/d2m0ra_.pdb,1,homomer,104,104,15.923076923076923,13.884615384615385,0.19230769230769232,1.5608939229747747
d1ebda2,preprocessed/d1ebda2.pkl,/data/rsg/chemistry/jyim/large_data/scope/d1ebda2.pdb,1,homomer,117,117,0.358974358974359,0.2564102564102564,0.38461538461538464,1.3770303727258666
d2zs0c_,preprocessed/d2zs0c_.pkl,/data/rsg/chemistry/jyim/large_data/scope/d2zs0c_.pdb,1,homomer,147,147,0.2585034013605442,0.7414965986394558,0.0,1.4464512382725088
d2enda_,preprocessed/d2enda_.pkl,/data/rsg/chemistry/jyim/large_data/scope/d2enda_.pdb,1,homomer,137,137,0.45985401459854014,0.5109489051094891,0.029197080291970802,1.5728052819191727
d4gafb3,preprocessed/d4gafb3.pkl,/data/rsg/chemistry/jyim/large_data/scope/d4gafb3.pdb,1,homomer,106,106,0.37735849056603776,0.0660377358490566,0.5566037735849056,1.4461855827690848
d1x0ca2,preprocessed/d1x0ca2.pkl,/data/rsg/chemistry/jyim/large_data/scope/d1x0ca2.pdb,1,homomer,380,380,0.4921052631578947,0.04736842105263158,0.4605263157894737,2.1159081432608136
d1imhc1,preprocessed/d1imhc1.pkl,/data/rsg/chemistry/jyim/large_data/scope/d1imhc1.pdb,1,homomer,101,101,0.504950495049505,0.0297029702970297,0.46534653465346537,1.335483759818342
d1ryja_,preprocessed/d1ryja_.pkl,/data/rsg/chemistry/jyim/large_data/scope/d1ryja_.pdb,1,homomer,70,70,9.314285714285715,2.5,8.185714285714285,1.2349753594418127
d1ypzf1,preprocessed/d1ypzf1.pkl,/data/rsg/chemistry/jyim/large_data/scope/d1ypzf1.pdb,1,homomer,120,120,0.4666666666666667,0.06666666666666667,0.4666666666666667,1.4351491304304673
d1kt7a_,preprocessed/d1kt7a_.pkl,/data/rsg/chemistry/jyim/large_data/scope/d1kt7a_.pdb,1,homomer,175,175,0.41714285714285715,0.11428571428571428,0.4685714285714286,1.580270283538575
d5ue2a1,preprocessed/d5ue2a1.pkl,/data/rsg/chemistry/jyim/large_data/scope/d5ue2a1.pdb,1,homomer,72,72,6.986111111111111,9.01388888888889,0.0,1.1701604726706638
d1q3xa1,preprocessed/d1q3xa1.pkl,/data/rsg/chemistry/jyim/large_data/scope/d1q3xa1.pdb,1,homomer,242,242,0.5206611570247934,0.1446280991735537,0.3347107438016529,1.6845386667046016
d1fvka_,preprocessed/d1fvka_.pkl,/data/rsg/chemistry/jyim/large_data/scope/d1fvka_.pdb,1,homomer,188,188,0.35106382978723405,0.5372340425531915,0.11170212765957446,1.6910488752278785
d2rika3,preprocessed/d2rika3.pkl,/data/rsg/chemistry/jyim/large_data/scope/d2rika3.pdb,1,homomer,94,94,0.40425531914893614,0.031914893617021274,0.5638297872340425,1.3478710356423982
d2a4va1,preprocessed/d2a4va1.pkl,/data/rsg/chemistry/jyim/large_data/scope/d2a4va1.pdb,1,homomer,156,156,0.3782051282051282,0.3782051282051282,0.24358974358974358,1.4452407856094447
d2d4ua1,preprocessed/d2d4ua1.pkl,/data/rsg/chemistry/jyim/large_data/scope/d2d4ua1.pdb,1,homomer,163,163,0.13496932515337423,0.8650306748466258,0.0,2.090241803436788
d4jk8a_,preprocessed/d4jk8a_.pkl,/data/rsg/chemistry/jyim/large_data/scope/d4jk8a_.pdb,1,homomer,220,220,0.36818181818181817,0.4318181818181818,0.2,1.8568486089499092
d6xlra1,preprocessed/d6xlra1.pkl,/data/rsg/chemistry/jyim/large_data/scope/d6xlra1.pdb,1,homomer,150,150,0.52,0.04666666666666667,0.43333333333333335,1.4312136182129123
d2os5a_,preprocessed/d2os5a_.pkl,/data/rsg/chemistry/jyim/large_data/scope/d2os5a_.pdb,1,homomer,118,118,0.3305084745762712,0.4067796610169492,0.2627118644067797,1.49514165716101
d3fr3a2,preprocessed/d3fr3a2.pkl,/data/rsg/chemistry/jyim/large_data/scope/d3fr3a2.pdb,1,homomer,119,119,0.31932773109243695,0.680672268907563,0.0,1.4333410899995587
d4whsb_,preprocessed/d4whsb_.pkl,/data/rsg/chemistry/jyim/large_data/scope/d4whsb_.pdb,1,homomer,238,238,0.6302521008403361,0.08823529411764706,0.2815126050420168,1.9226883913260449
d4a2ba1,preprocessed/d4a2ba1.pkl,/data/rsg/chemistry/jyim/large_data/scope/d4a2ba1.pdb,1,homomer,193,193,0.25906735751295334,0.30569948186528495,0.43523316062176165,2.0165971954543838
d4em8a1,preprocessed/d4em8a1.pkl,/data/rsg/chemistry/jyim/large_data/scope/d4em8a1.pdb,1,homomer,142,142,0.36619718309859156,0.4507042253521127,0.18309859154929578,1.4399952419557949
d5j4ua2,preprocessed/d5j4ua2.pkl,/data/rsg/chemistry/jyim/large_data/scope/d5j4ua2.pdb,1,homomer,136,136,0.21323529411764705,0.7720588235294118,0.014705882352941176,1.5404743965693484
d2dtra2,preprocessed/d2dtra2.pkl,/data/rsg/chemistry/jyim/large_data/scope/d2dtra2.pdb,1,homomer,76,76,0.32894736842105265,0.6447368421052632,0.02631578947368421,1.1897741241512831
d3i44a_,preprocessed/d3i44a_.pkl,/data/rsg/chemistry/jyim/large_data/scope/d3i44a_.pdb,1,homomer,476,476,0.3760504201680672,0.42016806722689076,0.20378151260504201,2.304275230779662
d1r44a_,preprocessed/d1r44a_.pkl,/data/rsg/chemistry/jyim/large_data/scope/d1r44a_.pdb,1,homomer,202,202,0.5396039603960396,0.297029702970297,0.16336633663366337,1.5994689059940201
d1v3va2,preprocessed/d1v3va2.pkl,/data/rsg/chemistry/jyim/large_data/scope/d1v3va2.pdb,1,homomer,182,182,0.34615384615384615,0.4725274725274725,0.1813186813186813,1.61487637858661
d5tfma3,preprocessed/d5tfma3.pkl,/data/rsg/chemistry/jyim/large_data/scope/d5tfma3.pdb,1,homomer,112,112,0.5535714285714286,0.08035714285714286,0.36607142857142855,1.559398848479061
d1iqra2,preprocessed/d1iqra2.pkl,/data/rsg/chemistry/jyim/large_data/scope/d1iqra2.pdb,1,homomer,170,170,0.48823529411764705,0.3588235294117647,0.15294117647058825,1.731933022890449
d6pspa_,preprocessed/d6pspa_.pkl,/data/rsg/chemistry/jyim/large_data/scope/d6pspa_.pdb,1,homomer,191,191,0.2931937172774869,0.5235602094240838,0.18324607329842932,1.616725340593312
d5nl9a1,preprocessed/d5nl9a1.pkl,/data/rsg/chemistry/jyim/large_data/scope/d5nl9a1.pdb,1,homomer,145,145,0.3793103448275862,0.46206896551724136,0.15862068965517243,1.8584837385364066
d1kija1,preprocessed/d1kija1.pkl,/data/rsg/chemistry/jyim/large_data/scope/d1kija1.pdb,1,homomer,172,172,0.3430232558139535,0.4418604651162791,0.21511627906976744,1.691320571967288
d2b30a1,preprocessed/d2b30a1.pkl,/data/rsg/chemistry/jyim/large_data/scope/d2b30a1.pdb,1,homomer,283,283,0.4134275618374558,0.3745583038869258,0.21201413427561838,1.8860611203604123
d2f3na1,preprocessed/d2f3na1.pkl,/data/rsg/chemistry/jyim/large_data/scope/d2f3na1.pdb,1,homomer,64,64,0.328125,0.671875,0.0,1.074497078594422
d5vn4a1,preprocessed/d5vn4a1.pkl,/data/rsg/chemistry/jyim/large_data/scope/d5vn4a1.pdb,1,homomer,235,235,0.4297872340425532,0.33617021276595743,0.23404255319148937,1.8368666470152615
d2ndpa_,preprocessed/d2ndpa_.pkl,/data/rsg/chemistry/jyim/large_data/scope/d2ndpa_.pdb,1,homomer,99,99,7.0,4.070707070707071,3.9292929292929295,2.0334311096898205
d1nhpa2,preprocessed/d1nhpa2.pkl,/data/rsg/chemistry/jyim/large_data/scope/d1nhpa2.pdb,1,homomer,123,123,0.4146341463414634,0.2926829268292683,0.2926829268292683,1.4290809825728874
d6yd4a2,preprocessed/d6yd4a2.pkl,/data/rsg/chemistry/jyim/large_data/scope/d6yd4a2.pdb,1,homomer,132,132,0.44696969696969696,0.022727272727272728,0.5303030303030303,1.530015831588688
d6gvda2,preprocessed/d6gvda2.pkl,/data/rsg/chemistry/jyim/large_data/scope/d6gvda2.pdb,1,homomer,348,348,0.41954022988505746,0.34195402298850575,0.23850574712643677,2.033769215795857
d5yh4a_,preprocessed/d5yh4a_.pkl,/data/rsg/chemistry/jyim/large_data/scope/d5yh4a_.pdb,1,homomer,179,179,0.5754189944134078,0.0335195530726257,0.39106145251396646,1.5452251771004162
d1x48a1,preprocessed/d1x48a1.pkl,/data/rsg/chemistry/jyim/large_data/scope/d1x48a1.pdb,1,homomer,75,75,7.56,7.413333333333333,5.026666666666666,1.3770570411443281
d1ud9a2,preprocessed/d1ud9a2.pkl,/data/rsg/chemistry/jyim/large_data/scope/d1ud9a2.pdb,1,homomer,119,119,0.2857142857142857,0.2689075630252101,0.44537815126050423,1.3189958675901334
d3gkba1,preprocessed/d3gkba1.pkl,/data/rsg/chemistry/jyim/large_data/scope/d3gkba1.pdb,1,homomer,273,273,0.32234432234432236,0.5128205128205128,0.16483516483516483,1.7844550382617033
d1ssxa_,preprocessed/d1ssxa_.pkl,/data/rsg/chemistry/jyim/large_data/scope/d1ssxa_.pdb,1,homomer,198,198,0.3787878787878788,0.0707070707070707,0.5505050505050505,1.508520449093067
d1zt2a1,preprocessed/d1zt2a1.pkl,/data/rsg/chemistry/jyim/large_data/scope/d1zt2a1.pdb,1,homomer,327,327,0.4740061162079511,0.2874617737003058,0.23853211009174313,2.1932244145113087
d2bwfa_,preprocessed/d2bwfa_.pkl,/data/rsg/chemistry/jyim/large_data/scope/d2bwfa_.pdb,1,homomer,77,77,0.38961038961038963,0.23376623376623376,0.37662337662337664,1.1506232423597746
d1guqa1,preprocessed/d1guqa1.pkl,/data/rsg/chemistry/jyim/large_data/scope/d1guqa1.pdb,1,homomer,176,176,0.6306818181818182,0.17045454545454544,0.19886363636363635,2.166497640192495
d1w98b1,preprocessed/d1w98b1.pkl,/data/rsg/chemistry/jyim/large_data/scope/d1w98b1.pdb,1,homomer,130,130,0.36153846153846153,0.6384615384615384,0.0,1.490763794053976
d2pmra1,preprocessed/d2pmra1.pkl,/data/rsg/chemistry/jyim/large_data/scope/d2pmra1.pdb,1,homomer,75,75,0.18666666666666668,0.8133333333333334,0.0,1.2897203686572172
d1jb7b_,preprocessed/d1jb7b_.pkl,/data/rsg/chemistry/jyim/large_data/scope/d1jb7b_.pdb,1,homomer,216,216,0.4583333333333333,0.3333333333333333,0.20833333333333334,2.2051612685744817
d7jjka_,preprocessed/d7jjka_.pkl,/data/rsg/chemistry/jyim/large_data/scope/d7jjka_.pdb,1,homomer,71,71,0.2676056338028169,0.7323943661971831,0.0,1.4431127428794657
d2e8ba_,preprocessed/d2e8ba_.pkl,/data/rsg/chemistry/jyim/large_data/scope/d2e8ba_.pdb,1,homomer,185,185,0.3891891891891892,0.3945945945945946,0.21621621621621623,1.6120577153041873
d1ufma1,preprocessed/d1ufma1.pkl,/data/rsg/chemistry/jyim/large_data/scope/d1ufma1.pdb,1,homomer,71,71,7.549295774647887,9.394366197183098,3.056338028169014,1.134583545689805
d2a14a1,preprocessed/d2a14a1.pkl,/data/rsg/chemistry/jyim/large_data/scope/d2a14a1.pdb,1,homomer,257,257,0.36186770428015563,0.38910505836575876,0.2490272373540856,1.680546094606598
d1ecwa_,preprocessed/d1ecwa_.pkl,/data/rsg/chemistry/jyim/large_data/scope/d1ecwa_.pdb,1,homomer,114,114,0.3157894736842105,0.6228070175438597,0.06140350877192982,1.342945996607536
d6w04a_,preprocessed/d6w04a_.pkl,/data/rsg/chemistry/jyim/large_data/scope/d6w04a_.pdb,1,homomer,223,223,0.3273542600896861,0.5381165919282511,0.13452914798206278,1.7572994864884839
d1wgya1,preprocessed/d1wgya1.pkl,/data/rsg/chemistry/jyim/large_data/scope/d1wgya1.pdb,1,homomer,91,91,11.252747252747254,3.131868131868132,5.615384615384615,1.2713145810746007
d2z4ua_,preprocessed/d2z4ua_.pkl,/data/rsg/chemistry/jyim/large_data/scope/d2z4ua_.pdb,1,homomer,261,261,0.367816091954023,0.3946360153256705,0.23754789272030652,1.823246874506088
d6m96a1,preprocessed/d6m96a1.pkl,/data/rsg/chemistry/jyim/large_data/scope/d6m96a1.pdb,1,homomer,236,236,0.2754237288135593,0.461864406779661,0.2627118644067797,2.0091153969275113
d4jbda_,preprocessed/d4jbda_.pkl,/data/rsg/chemistry/jyim/large_data/scope/d4jbda_.pdb,1,homomer,308,308,0.36688311688311687,0.22402597402597402,0.4090909090909091,2.0169210889611713
d5svva_,preprocessed/d5svva_.pkl,/data/rsg/chemistry/jyim/large_data/scope/d5svva_.pdb,1,homomer,116,116,0.4051724137931034,0.25,0.3448275862068966,1.383161189767028
d4jkla1,preprocessed/d4jkla1.pkl,/data/rsg/chemistry/jyim/large_data/scope/d4jkla1.pdb,1,homomer,178,178,0.4943820224719101,0.056179775280898875,0.449438202247191,1.7456166867687601
d3cu7a3,preprocessed/d3cu7a3.pkl,/data/rsg/chemistry/jyim/large_data/scope/d3cu7a3.pdb,1,homomer,126,126,0.5714285714285714,0.0,0.42857142857142855,1.5644179087584733
d2h3ha1,preprocessed/d2h3ha1.pkl,/data/rsg/chemistry/jyim/large_data/scope/d2h3ha1.pdb,1,homomer,305,305,0.3540983606557377,0.4459016393442623,0.2,1.9370916701841958
d6ov1a1,preprocessed/d6ov1a1.pkl,/data/rsg/chemistry/jyim/large_data/scope/d6ov1a1.pdb,1,homomer,109,109,0.27522935779816515,0.5137614678899083,0.21100917431192662,1.3203984669440352
d1x4fa1,preprocessed/d1x4fa1.pkl,/data/rsg/chemistry/jyim/large_data/scope/d1x4fa1.pdb,1,homomer,99,99,12.414141414141413,3.696969696969697,3.888888888888889,1.3990519783279227
d1zj9a3,preprocessed/d1zj9a3.pkl,/data/rsg/chemistry/jyim/large_data/scope/d1zj9a3.pdb,1,homomer,149,149,0.436241610738255,0.3422818791946309,0.2214765100671141,1.4985808926804849
d2fl4a1,preprocessed/d2fl4a1.pkl,/data/rsg/chemistry/jyim/large_data/scope/d2fl4a1.pdb,1,homomer,146,146,0.3561643835616438,0.3424657534246575,0.3013698630136986,1.6659241961046607
d5hs7a1,preprocessed/d5hs7a1.pkl,/data/rsg/chemistry/jyim/large_data/scope/d5hs7a1.pdb,1,homomer,101,101,0.297029702970297,0.5643564356435643,0.13861386138613863,1.521096177297804
d2bjoa_,preprocessed/d2bjoa_.pkl,/data/rsg/chemistry/jyim/large_data/scope/d2bjoa_.pdb,1,homomer,135,135,0.37777777777777777,0.3333333333333333,0.28888888888888886,1.7242691640686445
d1bgva1,preprocessed/d1bgva1.pkl,/data/rsg/chemistry/jyim/large_data/scope/d1bgva1.pdb,1,homomer,255,255,0.34509803921568627,0.5372549019607843,0.11764705882352941,1.9066401864067453
d2z1ca1,preprocessed/d2z1ca1.pkl,/data/rsg/chemistry/jyim/large_data/scope/d2z1ca1.pdb,1,homomer,71,71,0.3380281690140845,0.23943661971830985,0.4225352112676056,1.2441633961022167
d1vq8q1,preprocessed/d1vq8q1.pkl,/data/rsg/chemistry/jyim/large_data/scope/d1vq8q1.pdb,1,homomer,95,95,0.5473684210526316,0.1368421052631579,0.3157894736842105,1.373086514845151
d3pxla3,preprocessed/d3pxla3.pkl,/data/rsg/chemistry/jyim/large_data/scope/d3pxla3.pdb,1,homomer,199,199,0.5326633165829145,0.18592964824120603,0.2814070351758794,1.7594232595585817
d2fc9a1,preprocessed/d2fc9a1.pkl,/data/rsg/chemistry/jyim/large_data/scope/d2fc9a1.pdb,1,homomer,88,88,10.568181818181818,3.8636363636363638,5.568181818181818,1.3046990401159355
d2g3ma1,preprocessed/d2g3ma1.pkl,/data/rsg/chemistry/jyim/large_data/scope/d2g3ma1.pdb,1,homomer,150,150,0.56,0.02666666666666667,0.41333333333333333,1.5564884318042023
d2pu3a_,preprocessed/d2pu3a_.pkl,/data/rsg/chemistry/jyim/large_data/scope/d2pu3a_.pdb,1,homomer,207,207,0.3719806763285024,0.4782608695652174,0.1497584541062802,1.6497605699031501
d1qwza1,preprocessed/d1qwza1.pkl,/data/rsg/chemistry/jyim/large_data/scope/d1qwza1.pdb,1,homomer,214,214,0.4532710280373832,0.27102803738317754,0.2757009345794392,1.6839437521390006
d5b7ga_,preprocessed/d5b7ga_.pkl,/data/rsg/chemistry/jyim/large_data/scope/d5b7ga_.pdb,1,homomer,249,249,0.3132530120481928,0.3534136546184739,0.3333333333333333,1.8248441590027986
d1i5pa2,preprocessed/d1i5pa2.pkl,/data/rsg/chemistry/jyim/large_data/scope/d1i5pa2.pdb,1,homomer,209,209,0.5263157894736842,0.0861244019138756,0.3875598086124402,1.794672500415097
d4dvca1,preprocessed/d4dvca1.pkl,/data/rsg/chemistry/jyim/large_data/scope/d4dvca1.pdb,1,homomer,182,182,0.3626373626373626,0.510989010989011,0.12637362637362637,1.7072445605674083
d1nrea_,preprocessed/d1nrea_.pkl,/data/rsg/chemistry/jyim/large_data/scope/d1nrea_.pdb,1,homomer,81,81,0.32098765432098764,0.6790123456790124,0.0,1.342357567133086
d2b7cb_,preprocessed/d2b7cb_.pkl,/data/rsg/chemistry/jyim/large_data/scope/d2b7cb_.pdb,1,homomer,90,90,0.35555555555555557,0.18888888888888888,0.45555555555555555,1.3263541685968046
d1t0ba_,preprocessed/d1t0ba_.pkl,/data/rsg/chemistry/jyim/large_data/scope/d1t0ba_.pdb,1,homomer,240,240,0.3875,0.32083333333333336,0.2916666666666667,1.8481819789156269
d2a1ja1,preprocessed/d2a1ja1.pkl,/data/rsg/chemistry/jyim/large_data/scope/d2a1ja1.pdb,1,homomer,62,62,0.3709677419354839,0.6290322580645161,0.0,1.214422331896785
d1thza2,preprocessed/d1thza2.pkl,/data/rsg/chemistry/jyim/large_data/scope/d1thza2.pdb,1,homomer,393,393,0.3944020356234097,0.3791348600508906,0.22646310432569974,2.156823057694045
d3pzwa2,preprocessed/d3pzwa2.pkl,/data/rsg/chemistry/jyim/large_data/scope/d3pzwa2.pdb,1,homomer,690,690,0.43333333333333335,0.48840579710144927,0.0782608695652174,2.540979186164075
d1h21a_,preprocessed/d1h21a_.pkl,/data/rsg/chemistry/jyim/large_data/scope/d1h21a_.pdb,1,homomer,240,240,0.43333333333333335,0.55,0.016666666666666666,1.9033088800975406
d4m9pa3,preprocessed/d4m9pa3.pkl,/data/rsg/chemistry/jyim/large_data/scope/d4m9pa3.pdb,1,homomer,97,97,0.4948453608247423,0.061855670103092786,0.44329896907216493,1.3289855857892003
d2xcmc_,preprocessed/d2xcmc_.pkl,/data/rsg/chemistry/jyim/large_data/scope/d2xcmc_.pdb,1,homomer,92,92,0.4673913043478261,0.06521739130434782,0.4673913043478261,1.3075619217069945
d4f0fa1,preprocessed/d4f0fa1.pkl,/data/rsg/chemistry/jyim/large_data/scope/d4f0fa1.pdb,1,homomer,274,274,0.5,0.34306569343065696,0.15693430656934307,1.9320879892154696
d6juua_,preprocessed/d6juua_.pkl,/data/rsg/chemistry/jyim/large_data/scope/d6juua_.pdb,1,homomer,292,292,0.3698630136986301,0.4931506849315068,0.136986301369863,1.9604171459739608
d2ff4a3,preprocessed/d2ff4a3.pkl,/data/rsg/chemistry/jyim/large_data/scope/d2ff4a3.pdb,1,homomer,99,99,0.5757575757575758,0.0,0.42424242424242425,1.266661401440749
d5e6za1,preprocessed/d5e6za1.pkl,/data/rsg/chemistry/jyim/large_data/scope/d5e6za1.pdb,1,homomer,110,110,0.5454545454545454,0.02727272727272727,0.42727272727272725,1.3802926085983365
d3mvga_,preprocessed/d3mvga_.pkl,/data/rsg/chemistry/jyim/large_data/scope/d3mvga_.pdb,1,homomer,251,251,0.3665338645418327,0.38645418326693226,0.24701195219123506,1.7987439999507149
d4qspa1,preprocessed/d4qspa1.pkl,/data/rsg/chemistry/jyim/large_data/scope/d4qspa1.pdb,1,homomer,128,128,0.2734375,0.7265625,0.0,1.6116324539279576
d2pz4a1,preprocessed/d2pz4a1.pkl,/data/rsg/chemistry/jyim/large_data/scope/d2pz4a1.pdb,1,homomer,120,120,0.4666666666666667,0.13333333333333333,0.4,1.405184571114373
d6j4ka_,preprocessed/d6j4ka_.pkl,/data/rsg/chemistry/jyim/large_data/scope/d6j4ka_.pdb,1,homomer,60,60,0.43333333333333335,0.5666666666666667,0.0,1.1383975888815805
d2bh1a2,preprocessed/d2bh1a2.pkl,/data/rsg/chemistry/jyim/large_data/scope/d2bh1a2.pdb,1,homomer,144,144,0.2638888888888889,0.3333333333333333,0.4027777777777778,1.7546954238889676
d2kgja1,preprocessed/d2kgja1.pkl,/data/rsg/chemistry/jyim/large_data/scope/d2kgja1.pdb,1,homomer,94,94,3.8404255319148937,2.904255319148936,3.25531914893617,1.2954938546904697
d4lfla_,preprocessed/d4lfla_.pkl,/data/rsg/chemistry/jyim/large_data/scope/d4lfla_.pdb,1,homomer,142,142,0.33098591549295775,0.49295774647887325,0.176056338028169,1.4285587465395817
d1k3ra1,preprocessed/d1k3ra1.pkl,/data/rsg/chemistry/jyim/large_data/scope/d1k3ra1.pdb,1,homomer,71,71,0.6056338028169014,0.0,0.39436619718309857,1.163640658685876
d1ckaa_,preprocessed/d1ckaa_.pkl,/data/rsg/chemistry/jyim/large_data/scope/d1ckaa_.pdb,1,homomer,57,57,0.49122807017543857,0.05263157894736842,0.43859649122807015,1.051142429097671
d2c6qa1,preprocessed/d2c6qa1.pkl,/data/rsg/chemistry/jyim/large_data/scope/d2c6qa1.pdb,1,homomer,327,327,0.39755351681957185,0.37920489296636084,0.22324159021406728,1.9265816179850133
d5o0ya_,preprocessed/d5o0ya_.pkl,/data/rsg/chemistry/jyim/large_data/scope/d5o0ya_.pdb,1,homomer,288,288,0.4722222222222222,0.3368055555555556,0.1909722222222222,2.0067824484905104
d2cfxa1,preprocessed/d2cfxa1.pkl,/data/rsg/chemistry/jyim/large_data/scope/d2cfxa1.pdb,1,homomer,63,63,0.42857142857142855,0.5714285714285714,0.0,1.3866682927607545
d6hrda1,preprocessed/d6hrda1.pkl,/data/rsg/chemistry/jyim/large_data/scope/d6hrda1.pdb,1,homomer,187,187,0.37433155080213903,0.42780748663101603,0.19786096256684493,1.5696836518981425
d2quda1,preprocessed/d2quda1.pkl,/data/rsg/chemistry/jyim/large_data/scope/d2quda1.pdb,1,homomer,122,122,0.3442622950819672,0.20491803278688525,0.45081967213114754,1.7152742902058948
d1iv0a_,preprocessed/d1iv0a_.pkl,/data/rsg/chemistry/jyim/large_data/scope/d1iv0a_.pdb,1,homomer,98,98,5.0,2.4285714285714284,2.5714285714285716,1.3925396659437506
d3svma_,preprocessed/d3svma_.pkl,/data/rsg/chemistry/jyim/large_data/scope/d3svma_.pdb,1,homomer,60,60,0.3333333333333333,0.3,0.36666666666666664,1.1696147317086294
d1o9ia_,preprocessed/d1o9ia_.pkl,/data/rsg/chemistry/jyim/large_data/scope/d1o9ia_.pdb,1,homomer,266,266,0.4323308270676692,0.5300751879699248,0.03759398496240601,2.490009820674596
d1kf3a_,preprocessed/d1kf3a_.pkl,/data/rsg/chemistry/jyim/large_data/scope/d1kf3a_.pdb,1,homomer,124,124,0.43548387096774194,0.20967741935483872,0.3548387096774194,1.435600231291345
d1n69a_,preprocessed/d1n69a_.pkl,/data/rsg/chemistry/jyim/large_data/scope/d1n69a_.pdb,1,homomer,78,78,0.20512820512820512,0.7948717948717948,0.0,1.4147343136644226
d1ogmx1,preprocessed/d1ogmx1.pkl,/data/rsg/chemistry/jyim/large_data/scope/d1ogmx1.pdb,1,homomer,199,199,0.5276381909547738,0.07035175879396985,0.4020100502512563,1.8493640477660336
d3isqa1,preprocessed/d3isqa1.pkl,/data/rsg/chemistry/jyim/large_data/scope/d3isqa1.pdb,1,homomer,166,166,0.3373493975903614,0.23493975903614459,0.42771084337349397,1.676705297362702
d1t3qc1,preprocessed/d1t3qc1.pkl,/data/rsg/chemistry/jyim/large_data/scope/d1t3qc1.pdb,1,homomer,109,109,0.3302752293577982,0.3944954128440367,0.27522935779816515,1.399711088019325
d1pjza_,preprocessed/d1pjza_.pkl,/data/rsg/chemistry/jyim/large_data/scope/d1pjza_.pdb,1,homomer,201,201,8.228855721393035,6.08955223880597,5.681592039800995,1.5827809804825457
d5a3la_,preprocessed/d5a3la_.pkl,/data/rsg/chemistry/jyim/large_data/scope/d5a3la_.pdb,1,homomer,209,209,0.4688995215311005,0.07177033492822966,0.45933014354066987,1.7824162766666383
d1byfa_,preprocessed/d1byfa_.pkl,/data/rsg/chemistry/jyim/large_data/scope/d1byfa_.pdb,1,homomer,123,123,0.45528455284552843,0.21951219512195122,0.3252032520325203,1.3202148414156634
d1vr6a2,preprocessed/d1vr6a2.pkl,/data/rsg/chemistry/jyim/large_data/scope/d1vr6a2.pdb,1,homomer,338,338,0.3994082840236686,0.38461538461538464,0.21597633136094674,2.348523248075887
d1ffgb_,preprocessed/d1ffgb_.pkl,/data/rsg/chemistry/jyim/large_data/scope/d1ffgb_.pdb,1,homomer,68,68,0.36764705882352944,0.3382352941176471,0.29411764705882354,1.0759413348458178